review,date
i̇yi güzel olmuş biraz minibüs duruyor,07.10.2023
review,date
son dönemde ipucu paylaşımlarıyla sık sık karşımıza çıkan yeni nesil skoda kodiaq sonunda resmi olarak tanıtıldı selefine göre uzun bir gövdeyle gelen yeni kodiaq motor gamında şarj edilebilir hibrit gücünü arkasına almış skoda kodiaq özellikleriyle neler sunuyori̇kinci nesil kodiaq mm uzunluğa mm genişliğe mm yüksekliğe sahip bağlamda selefine kıyasla cm uzadığını söyleyebiliriz mmlik aks mesafesinde herhangi bir değişiklik yok ayrıca diğer ölçülere baktığımızda kodiaqın gövdesinin eskisine göre mm daralmış yüksekliğinin mm kadar azalmış olması dikkatleri çekiyordış tasarımyeni kodiaq çekyalı markanın yeni tasarım dilinin ilk tezahürü olarak karşımıza çıkıyor önde bölünmüş far tasarımı dikey çizgilere sahip geniş panjuruyla kimliğini hemen belli eden model kaslı motor kaputu dikey hava girişlerine sahip tamponuyla güçlü sportif bir görünüm sunuyor jant seçenekleri ila inç arasında değişen skoda kodiaqta dokuz dış renk seçeneği mevcut fotoğraflarda gördüğünüz yeni bronx gold isimli metalik renk bunlardan bir tanesiyan tarafta aydınlatmalar arasında uzanan güçlü omuz çizgisiyle dikkat çeken modelin arkasında son dönemde moda haline gelen boydan boya uzanan stoplar karşımıza çıkıyor aydınlatma demişken kodiaq modelinde skodanın yeni nesil matrix led teknolojisinin bulunduğunu belirtelim yüzde oranında iyi aydınlatma sağlayan akıllı aydınlatmalar sportline versiyonunda standart olarak geliyor panjur boyunca uzanan led ışık şeridiyle kombine edilebiliyoryeni skoda kodiaq ailesinin tepesindeki sportline versiyonu gövdesindeki siyah detaylarıyla alt versiyonlardan ayrılıyor tavan rayları cam çıtaları yan ayna kapakları ön panjur çerçevesi arka difüzör logoların siyah olarak tasarlandığı versiyonda ilk d sütunu tamamen siyah olarak karşımıza çıkıyor bunlara ek olarak ön çamurluklardaki sportline armalarıyla dikkatleri üzerine çeken versiyonda inçlik özel jantlar standart olarak sunulurken ekstra ücret inçlik jantlara geçiş yapılabiliyori̇ç skoda kodiaqın iç mekanındaki değişim ilk bakışta kendisini gösteriyor öncelikle vites seçicinin kodiaqda direksiyon kolonuna taşındığını belirtelim durum orta konsol üzerinde fazla depolama alanı sunulmasını sağlamış selefine göre fiziksel düğmeye sahip olan kodiaqda smart dials adı verilen döner düğmeler dikkat çekiyor üzerlerinde inç ekrana sahip olan düğmeler farklı fonksiyonları yerine getirebiliyorsol sağdaki düğmeler sürücü ön yolcunun kabin sıcaklığını koltuk ısıtma havalandırma fonksiyonlarını ayarlamasına imkan veriyor ortadaki düğme multimedya sisteminin ses düzeyinden klimanın fan hızına havanın yönüne kadar birçok fonksiyonu değiştirecek şekilde ayarlanabiliyor düğmenin fonksiyonları isteğe göre multimedya sistemi üzerinden ayarlanabiliyor bunun dışında yeni kodiaqda inç multimedya ekranı standart inç opsiyon olarak sunuluyor inç dijital gösterge panelinin sunulduğu modelde head up display opsiyon listesinde yer alıyorskoda kodiaq beş koltuklu versiyonda arka koltukları yatırmadan litre yüksek bir bagaj hacmi sunuyor eskisine göre litre artış anlamına geliyor arka koltuklar yatırıldığında alan litreye kadar çıkıyor yedi koltuklu versiyonda litre bagaj hacmi mevcut tarafta eskisine göre litre artış söz konusu üçüncü sıra koltuklar katlandığında litre alan ortaya çıkıyor artan bagaj hacminin yanı sıra skoda üçüncü sıradaki yolcular baş mesafesinin mm kadar iyileştirildiğini belirtiyormotor skoda kodiaqın motor seçenekleri aktif silindir teknolojisi hafif hibrit desteğine sahip olan beygirlik tsi motorla başlayıp beygirlik tsi motorla devam ediyor düşük hacimli motor önden çekişli olarak büyük olanda dört tekerlekten çekiş düzenine sahip dizel tercih edenler önden çekiş awd beygirlik seçeneklere sahip olan tdi motor listede motorlarda ileri dsg şanzıman standart olarak sunuluyorayrıca bkzçinli minik elektrikli araba kaiyi shiyue tanıtıldı kmye kadar menzil sunuyorkaputun altındaki seçenekler arasında asıl büyük haber şarj edilebilir hibrit sistemin gelmiş olması diyebiliriz beygirlik tsi motoru temel alan sistem elektrik motorunun desteğiyle hp güç üretiyor kwsalik lityum iyon batarya suv modelin tek şarjla kmye kadar saf elektrikli sürüş menzili sunmasını sağlıyor bataryanın kw ac şarjın yanı sıra kw dc şarj desteğinin bulunması altı çizilmesi gereken noktalardan bir tanesisadece önden çekişli olarak vitesli dsg şanzımanla satılacak olan kodiaq iv isimli şarj edilebilir hibrit versiyonda bagaj hacmi litreye kadar düşüyor suv modelin beş koltuklu standart versiyonuna göre litre düşüş demek ancak km elektrikli sürüş menzili bunun değeceğini düşünüyoruz skoda kodiaq önümüzdeki yılın ilk çeyreğinde avrupada satışa sunulacakyeni kodiaq haziran ayında dizel dahil olmak üzere üç farklı motor seçeneğiyle türkiyede satışa sunulacak,06.10.2023
tiguandan falan güzel duruyor,06.10.2023
nihayet vw dandikliğinden sıyrılıp milyon vermek zorunda kalmadan girince ticari taksiye binmiş hissettirmeyecek vag suvu tasarlayabilmişler grubun diğer markaları vwden kadar uzaklaşırlarsa kadar başarılı oluyorlar,06.10.2023
i̇ç mekan gayet elit duruyor,06.10.2023
ön taraf bmw andırıyor,06.10.2023
sonra begendigim arac olabilir alabilecegim modeller arasinda diger turlu lamborghini urus begendigim,06.10.2023
güzel full une verilir,06.10.2023
hibryt motır gelirse kapış kapış satılır,06.10.2023
mevcut makyajlı tasarım olarak iyi duruyor minibüse dönmüş,06.10.2023
şarjlı küsur milyonbu milyon altına gelirse güzel satış rakamları km saf elektrikle ilerlemesi tam elektrikli düşünenleri bile aklını çelecek kmbu direkt muadili olurtabi ülkemiz,06.10.2023
kodiaq gerek ağırlığı gerekse yol tutuşu açısından güven veren bir araç bana kere sürme şansım oldu epey hızlı kullandım banamısın demedi tabi bir volvo güveni sağlamlığı olmaz başlangıç paketi denk gelir düşünüyorum üst paket bir şeye gelir tamamen neticemden salladığım rakamlar tahmin işte,06.10.2023
keşke koltuklar tam yatabilseydiarka tarafta kişi rahat bir şekilde sabahlardıüstelik motor bile çalışmadan iklimlendirmesini yaparaktan,06.10.2023
kocaman vites kolu gitmis guzel olmus bence,06.10.2023
kesinlikle seat uzaklardan biriydi sportif güzel tasarımları vardı seat dahi vwe döndü son dönemde sırf yüzden cuprayı ayırıp gerçek seat tasarımına oradan devam ettiler,06.10.2023
hadi hayırlısı,06.10.2023
kaderini fiyatı belirler burası net birde kadar para verdikten sonra rakip modellerle kıyaslamalarda avantajını görmek isteriz batarya kapasitesine göre menzil düşük şarj desteği arası olmalıydı şanzıman olsa pahalı olurdu değilde hala aracın rakiplerine göre avantajı marka logosumu olacak vag çizgisinden biraz uzaklaşmaları lazımeksileri artıları olan bir aracın kaderini fiyatı araç paketleri belirler şuan kodiaqtan uzaklaştıran fiyatı umarım aynısı olmaz azından fiyat farkı atmaz diyeyim bari,07.10.2023
resime gitmek tıklayın resime gitmek tıklayın,07.10.2023
bence fiyatı milyondan başlar full paketi milyona doğru gider fazla olabilir açıkçası araç kadar güzel olursa olsun fiyata çıktıktan sonra premium markalar tercih edilir düşünüyorum,07.10.2023
chery tiggo tiggo pro bundan güzel gider onları alırım bunu almam,07.10.2023
piyasada şöyle bir durum var muhtemelen segmentte fazla cd karışımı suv olacağı modeline yada markasına güvenenler kafadan fiyatı zıplatıyor zaten misal aracın fullu etiketli gidin bir kia sorentoya binin sonra gelip kodiaq alırmısınız konuşalım yada sportagea binin baz paket kodiaqı alırmısınız konuşalım parasına göre alırım zaten aşağı yukarı aynı diyorsanız tiggo pro kafadan tek geçilir aracın segmenti fena karışık yüzden şuan yaptıkları paket üstüne paket yapıp aracı alacakları seçim yapmak durumunda bırakırsalar vag şansını zorlamıştır zorlayacak şansını kendisi azaltacak tahminim varsegmentte honda zrv crv var vw tiguan var bir anda ünsüzleşen hyundai tucson var kafası toplu mantıklı etiketle gelen nissan qashqai var toyotanın ü var işi kolay değilçinli firmaları gerçek manada küçümsedikleri fiyat avantajı sebebiyle oluşacak piyasada önümüzdeki aylarda neler göreceğiz merak ediyorum aracı getiren firma olsam boş paketi anlamlandıracak tek bir paket haline getirir yanın birde sipüzerine gelecek custom model satışıyla ilerlerdim,07.10.2023
benim araçta var çıktı güncelleme gelecekmiş zaman geleceği belli değil gelip gelmeyeceği belli değil hatanın olduğu belli değil,02.09.2023
güncelleme geldi şuan benim arabada sorun yok yetkili servise giderek yükletebilirsiniz,01.10.2023
skoda yeni kodiaqın radarınızdan kaçmaması elinden geleni yapıyor çekyalı marka şimdi önümüzdeki günlerde resmi olarak tanıtılmasını beklediğimiz modelin çizim görsellerini paylaştı skodanın paylaştığı çizimler yeni kodiaqın dış tasarımına odaklanıyoreğer çizimler bizi yanıltmıyorsa skoda kodiaqın selefine kıyasla sportif bir görünüme kavuşacağını söyleyebiliriz ön bölüme baktığımızda markanın bölünmüş far tasarımından vazgeçmeye niyetli olmadığını görüyoruz ancak alanda iki bölümü birleştiren t şekilli bir ışık imzası hemen dikkatleri üzerine çekiyorkaslı motor kaputu kaplan burnu panjur heybetli suv görüntüsünün sunulmaya devam ettiği alandaki tamponda petek şekilli motiflere sahip yeni bir merkez hava girişi dikey hava girişleri bulunuyor yandan bakıldığında yükselen omuz çizgisi yeni kollu jant tasarımları d sütunu üzerindeki detaylar çizimden anlaşıldığı kadarıyla mat krom dikkat çekiyorarkada c formu oluşturan yeni stop lambalarıyla gelecek olan modelin görsellerden anlaşılmasa önceki açıklamalar ışığında selefine göre cm uzun olacağını söyleyebiliriz aks aralığı mmye çıkan skoda kodiaq beş koltuklu versiyonunda litre artışla litre bagaj hacmi sunacak büyük suvun önceki paylaşımlardan net bir şekilde gördüğümüz iç mekanını linkteki haberimizden inceleyebilirsinizayrıca bkzyeni chery fengyun ilk resmi görseli paylaşıldıyeni kodiaqın motor seçenekleri şöyle olacak tsi hafif hibrit vites dsg önden çekiş hp tsi vites dsg dört çeker hp tdi vites dsg önden çekiş hp tdi vites dsg dört çeker hp tsi iv şarj edilebilir hibrit vites dsg önden çekiş hpkodiaqın şarj edilebilir hibrit versiyonu wltpye göre kmye kadar saf elektrikli sürüş menzili sunacak konuyla ilgili gelişmeleri değerli okurlarımıza aktarmaya devam edeceğiz,30.09.2023
hoşdır,30.09.2023
ema benane,30.09.2023
ben mamur değilim,30.09.2023
bence alakası yok,30.09.2023
böyle gelsin efsane olur,30.09.2023
üretimi bizzat ben ilgileniyorum,30.09.2023
tcross varken kodiaq alanda bilim,30.09.2023
motorlar rezalet,30.09.2023
araç prestige tsi henüz kmde uzun dönem lt gösteriyor ortalama hız kms küçük bir ilçede neredeyse sadece çarşı pazar kere uzun yol yaptım litreye kadar düştü başlangıçtan itibaren tüketim giderek azalıyor anda yine ilçe içi benzin dolumundan yana litre gösteriyoreco modu kullanmıyorum sürekli normalde bindiğimde start stopu kapatıyorum bir iki dik yokuş haricinde spora almıyorum,23.09.2023
ender elektronik vag grubunda yardimci oluyor,26.08.2023
bana denk geliyor bilmiyorum yeni sorun yapmam lazım bilmiyorum servis kullanıcı hatası deyip paraa istiyor başka bir demiyor benim martta aldığım arabada iade hakkım var değişim direksiyonu çevirirken tık sesi duymaya başladım,26.08.2023
şaşırdım normal gözükmüyor olay skoda genel merkezle görüşmediyseniz görüşmenizi öneririm kapı bazında bir sıkıntı olabilir,26.08.2023
yakıttan olabilir mi aracımda değil önceki arabam ilginç şekilde benzin seçerdi zaman tatile gitsek arabada vuruntu tekleme başlardı tatilden bir süre sonra düzelirdi,26.08.2023
ciddi büyük bir ses değil arada duyuyorum,26.08.2023
bende ayni sesi duyuyorum rahatsiz oluyorum sesten,02.09.2023
yakın zamanda yıl yada km bakımı yaptıran oldu neler değişti kadar tuttu,02.09.2023
yağ birlikte filtrelerakü orjınal akü duruyoırdu varta agmön arka balatalarözel serviste işçilik dahil tl,16.09.2023
merhaba aynı sesi arabayı çalıştırdıktan dakika sonra içeride duymaya başlıyorum çalıştırır çalıştırmaz değil dakika sonra başlıyor i̇lk aldığım günden beri böyle özellikle yetkili servise götürdüm normal dediler zaten söylesek normal diyorlar artık şekilde kabul ettim takmamaya çalışıyorum,23.09.2023
ben alırken serviste kamera taktırmıştım bir sorun olmadı tavsiye ederim özellikle binamarket otoparkı yerlerde geri geri çıkıyorsanız geniş açıdan gelen gideni görmek iyi bir,23.09.2023
sayfada sorduğunuza göre karoq,30.09.2023
merhaba dostlar tsi kullanıcılarından rica etsem şehir içi dışı karma yakıt tüketim ortalamalarını paylaşır mısınız,16.09.2023
aralık sonu civarına yaptırmıştım yıl bakımında filtreler vs değişmiyor ondan pahalı gelmiyor extra yoksa araçta sadece yağ değişecek,12.08.2023
arkadaşlar merhaba suv araç almayı düşünüyorum nasip olursa dizel allure dizel skoda karoq prestige arasında kararsızım fikirleriniz benim değerlidir,12.08.2023
merhaba karoq sahibiyim araç alırken bakmıştım hoş albenisi yüksek bir araba tüketim vb açısından gayet başarılı iç mekanı bana sıkışık gelmişti bunda vites kolunun bulunduğu orta kısmın aşırı yüksek olmasının etkisi var sanırım suv bir arabada hissettiğiniz büyük bir ortama girmek yerine tarif etsem orda bir kişilik boşluk varda onu dolduruyorum hissetmiştim arka koltuklarda oturacak ailece bireyleri teknik detaylardan anlamadıklarından iç ferahlığa odaklandılar teknik anlamda aşırı bir farklılık görmediğimden biraz geçmişten gelen vw grubu sempatimden karoq aldım alırsanız alın güzel günlerde kullanın inşallah,12.08.2023
bende karoq prestige tsi sahibiyim aracımdan memnunum ana kadar beni üzecek bir sorun yaratmadı konforlu ferah bir araç sportif duruyor bende markaya güvenemediğim tercih etmedim,12.08.2023
teşekkür ederim hocam yanıtınız vw seat skoda grubunda araçlar kullandığım benimde gönlüm karoqtan yana gençliğin verdiği etki yakıt anlamında bi tık sanırım tasarruflu olduğundan in albenisi yüksek geliyor kararsızlığım biraz yüzden sanırım,12.08.2023
merhaba arkadaşlar ben karoq araç alarak aranıza katıldım ancak aşağıdaki bir durum yaşadım önerilerinize açığım,26.08.2023
safe cp hatası kamiqscala araçlarda vardı karoqta görmemiştik servise uğrayın derim,26.08.2023
premium aranıza katıldım,30.09.2023
ilk takıldığım oldu fotoğraf bayideki sıfır araçtan çekildi bir işçilik pek göz önünde değil kafalarına göre takılmışlar kendi aracımı oynanmış sandım meğer böyleymiş resime gitmek tıklayın,30.09.2023
ben olsam takılırdım hocam pek hoş olmamış kısım hatta sen resim koyunca akşam baktım aracıma ben böyle değil kısım normal kapalı model aracım,30.09.2023
benım aracım böyle bir yok,30.09.2023
valla ilginç benimde hoşuma gitmedi görünce sonra bayiye gidip oradaki sıfır araçlara baktım tane kamiq vardı ikiside böyleydibide arkadaşlar klima kontrollerini kadar saçma yapmışlar yarısı klima bölümünden yarısı ekrandan yapılıyor ben ekranda aradığım şeyi bulana kadar ekran kapanıyor sonra birdaha aç fln can sıkıcıönceki aracım olduğu kadar muadil olmasalarda ister istemez onunla kıyaslıyorum kalitekonfor olarak baya fark var performans olarakta aynı motorşanzımanağırlık olmasına rağmen atik bir araç geldi,30.09.2023
makyajlı kasada klima fan seviyesi kontrolü düğme eklendi klima bölmesine safecp yazılımsal bir mevzu makyajlı kasada olacağını sanmam,30.09.2023
bugün ilk uzun yola çıktım maalesef araba kendinden soğuttu beniyıllardır gidip geldiğim antalyaizmir yolu bunun kmsi bozuk asfaltönceki araçlarım jetta kıyaslıyorum düşünmeyin araç sadece düzgün yolda konforlubiraz fazla rüzgar sesi alıyor hadi onu idare ettik diyelim bozuk asfaltta resmen senfoni orkestrası yerden trim sesi geliyor arabadan baya rahatsız edici düzeydekrediyle almış olmasam kısa sürede satmak isterdimson olarak ortalama arası litre yakıt tüketimi,09.09.2023
arkadaşlar selamlar geçen hafta premium cam tavan aranıza katıldım araçta kablosuz carplay kör nokta geri görüş kamerası olsa keşke dedim özellikler bir şeyler yapılabilir mi orijinal olarak liste fiyatından aldığımdan paspas bile vermediler paspas bagaj havuzu almam gerekiyor onlar yan sanayi alabilirim,16.09.2023
bak yukarıda soru sormuşum onlara cevap verirsen soruna cevap veririm,23.09.2023
selam ben model km aracın bakım zamanı geldibayi kadara yapar bilmiyorum dışarda yağ filtre polen vesaire değişimleri yaptırsam garanti bozulmaz artık değil mi,23.09.2023
araçlarda garanti yıl dolduysa garantiniz kalmaz zaten uzatma yapmadıysanız ancak wag grubunda sürekli servis müşterisi araçlar iyi niyet garantisi adı altında bir ekstra indirim uygulanıyor arıza durumlarında iyi niyet garantisinden yararlanamazsınız dışarda işlem yaptırırsanız,23.09.2023
ağustos günü bakım yaptirdim skoda servisinde tl ödedim,23.09.2023
samimi olarak yazıyorum dışarıdan tl fiyat aldım ancak ben dışarıda yaptirmamaya karar verdim diğer mesajda yorum yazan arkadaşında dediği iyi niyet garantisi var ben start stop tusum geri atmiyordu arka stoplarin yapiskanlari atiyordu onları yenisiyle değiştirdiler ayrıca yeni tuş mekanizma sipariş verdiler haftaya takılcak garanti bitmesine rağmen,23.09.2023
slm benim km olduavek istedisanayide avekte e yaptırdım,23.09.2023
motor yağı yağ filtresi polen filtresi yapılan iş öncesi avekten yaptırmıştım bakımı yağ filtresi yan sanayi takiliydionlarda pek dürüst değilleraractan çıkan filtre ektedir resime gitmek tıklayın,23.09.2023
castrol un yağını koydutamirci avekten çıkma bir ustaydi referansliydi benim içinnormalde insanını sevmediğim bir şehirde fazla esnafıyla yüz göz olmak istemembu usta yi cevremdekiler tavsiye etti,23.09.2023
karşınıza güzel insanlar çıkar ins hayırlı olsun,23.09.2023
teşekkürlerherkesin insallah,23.09.2023
kamiq den memnunum kalabalık bir aile olduğumuz bagajı içi büyük araç arayışına girdim kodiaq peugeot bakıyorum skoda kalitesini peugeot bulabilirmiyim şüphelerim var,23.09.2023
hocam yağ kullanıldığına eminseniz iyi fiyata yapılmış işleminiz sağlıkla kullanın aracınızı,23.09.2023
standart donanım olarak yok maalesef görsel destekli ön arka park sensörü var,26.08.2023
merhabakamiq grubu aktif değil yazık yüzden yorum bekleme öncelikli olarak cupra leon kamiq sınıf hitap ettiği kitle bana göre biraz farklıleon biraz genç sportif dinamik sportif kullanıma uygun kamiq biraz orta yaş grubu kullanıcıya hitap eden tasarımlara sahip oturaklı bir arabanasıl bir kullanıcı isen ona göre tercih yapman doğru olur ben yaşındayım kamiq elite dsg aracımı seviyorum araca bindiğinde sürüşte bir kalite sağlamlık algısı var evimizin leon tsi araç donanım olarak dolu evet kamiq keyfini rahatlığını güvenilirliğini düşündüğümde kamiq açık ara fark atıyorkamiq donanımları orijinal olarak eklenebilir arada aradaki bin tl nin yarısı işler çözülebilir düşünüyorum serviste geri görüş kamerası son civarındaydı meselakolaylıklar dilerim,02.09.2023
sağ olun hocam yaşım genç eşimle birlikte kullanacağız öncelik ekonomik tercihler t roc a göre fiyat olarak yakın ancak donanım olarak geride kamiq örnek kamiq mekanik el freni vs autohold eşimin sık kullandığı bir özellikti mesela kötü superb kullanıcısı olduğum skodaya sempatim var sanırım kamiq alacağım e,02.09.2023
hocam tsi̇ leon aracım var alırken beğenmiştim halada beğeniyorum artık kamiq almayı düşünüyordum yaş grubu sınıflandırman gülümsetti bende orta yaşa yaklaştığım kamiq beğendim sanırım,09.09.2023
hocam tam bilgim yok luk motorlar önceden ti sonra şeklinde yıl arttı şimdi bakıyorum kalmış güncel motorlar demek ten beklenen verim alınmamış emisyon vs takılmış ben aradaki farkın yazılımsal olduğunu düşünüyorum luk tercih edebilirsiniz,09.09.2023
yıldır kamiq kullanıyorumsınıfının iyi araçlarından bendeki beygir kamiq almak isteyenlere tavsiyem premium paket alsınlarelite paket arasında fark var,09.09.2023
nisanda civarı fiyat vermişlerdi ben dışarda yaptırdım artık model,16.09.2023
merhaba hocamherşey servis ücretleride almış başını gidiyor maalesef dün fiyat aldım rutin bakım yağ filtrelerin değişimi tl olmuş yıl km km fiyat indirimiskonto yıl bakımı olduğunda lik bir iskonto uygulanıyormuş tl bir fiyata yaptıracaksınız büyük ihtimallekolay gelsin,16.09.2023
ay maşallah geçen sene yaptırmıştım hayırlısı olsun diyelim,16.09.2023
hocam güncelliyorum tl olmuş ücret,16.09.2023
tamam öyle böyle bin kitler servis valla işimiz var,16.09.2023
merhaba arkadaşlar bende kamiq alma arifesındeyım cok tavsıye edıyorlar varmı kronik sorunu yada dıkkat etmemız gereken bır tavsıyelerınız nelerdır arkadaslar,16.09.2023
premium almanı tavsiye ederim ellite paketi alma tabi bütçeye göre olan iyisi ellite kullanıyorum keşke premium alsaydım diyorum nasip,16.09.2023
son olarak dendi bayilere görede değişiyor sanırım disarda yaptiracagim malzeme oneriniz varmi,16.09.2023
merhabayağ olarak liqui molly tavsiye ederim lt yeterliservis castrol edge kullanıyorfiltre olarak ben araçlarımda mann tercih ediyorum bosch filtron kullanılabilirkolay gelsin,16.09.2023
vay be konu baya bi ölmüş,05.08.2023
i̇yi geceler karlı kış günlerinde kamiq tarzı araçlarda zincir kar çorabı kullanıyorsunuz tavsiyenize ihtiyacım var karlı bir yeredemircimanisa gidiyorum,12.08.2023
tane radar takılıyor sonra yazılımla aktif ediyorlar resime gitmek tıklayın resime gitmek tıklayın,12.08.2023
ben merak ediyorum,12.08.2023
merhabageçen hafta eskişehirden fiyat almıştım kamera tlmontaj dahil dediler ellerinde yoktuyağ olarak konulmuş serviste castrol edge,19.08.2023
teşekkürler garanti bitti dışardan yaptıracağız artık bakım eskişehir tl dedi indirim yaparlarmış,19.08.2023
fiyat yüksek dsg olunca insan korkuyor ister istemez i̇yi niyet garantisi devamı biraz pazarlıkla servise devam etmekte yarar olabilir,19.08.2023
merhabalar öncelikle hayırlı olsun aracınızbenim aracım elite paket bizde mevcut değil bahsettiğiniz özellik ancak premium paketlerde multimedya ekranı içerisinden bunun ayarı mevcutsağlıklı sürüşler,26.08.2023
evet sorunu çözdüm vakum yapan mekanizmasının dişlileri aşınmış yenisini çıkma aradım bulamadım sıfırını almak istemedim vakumu iptal ettim normal kilit olarak çalışıyor kullanıyorum yıldır bir sorun yok,30.09.2023
şık duruyor,30.09.2023
skoda superb kodiaq günümüzde moda haline gelen büyük ekranlarıyla dikkat çekiyor ancak neyse azından fonksiyonlar hala döner düğme şeklindeki kontrollerin varlığını sürdürdüğünü görmekteyiz ortadaki havalandırma menfezlerinin altında yer alan düğmeler smart dials olarak adlandırılmışsağ solda yer alan düğmeler sıcaklık koltuk ısıtma soğutma kontroller ayrılırken ortadaki düğme fan hızı havanın yönü ses ayarı sürüş modu ayarı haritayı yakınlaştırma farklı ayarlar kullanılabiliyor fonksiyonlar arasında geçiş yapmak düğmeye basarak ilgili fonksiyona geçiş yapmak yeterli oluyor söz konusu ayarlar multimedya sistemi üzerinden kişiselleştirilebiliyoryeni skoda kodiaq superbin konsolunda inçlik büyük bir dokunmatik multimedya ekranı bulunuyor sürücünün önünde headup display desteklenen inçlik dijital gösterge paneli mevcut konsoldaki büyük değişim orta konsolda yer alan vites seçininin direksiyon simidinin arkasındaki kolona taşınmış olması diyebiliriz değişimi son dönemdeki birçok yeni otomobilde görmeye başladıkyukarıda sözünü ettiğimiz değişim skoda tasarımcılarının orta konsolda temiz bir alan bol depolama alanı oluşturabilmesini sağlamış alanda aktif soğutma özelliğine sahip w kablosuz cep telefonu şarj ünitesi mevcut bunların dışında masaj fonksiyonuna sahip ergonomik koltuklar ambiyans aydınlatması dikiz aynası üzerindeki usb c girişi koyu krom detaylar konsolda dikkat çeken detaylar arasındaayrıca bkzek mtvnin ödeme süresi uzatıldıyeni superb kodiaqın yaşan alanları benzer olsa farklılıklar söz konusu örneğin kodiaqın cep telefonu şarj ünitesinde iki cihazlık yer varken superbde tek cihaz alan sunuluyor ayrıca superbin konsolunda boydan boya uzanan dikey şeritlere sahip tasarım dikkat çekerken kodiaq modelinde detay yerine fazla deri yüzey kullanıldığını görmekteyizyeni skoda superb kodiaq sonbahar aylarında tanıtılacak önümüzdeki yıl satışa sunulacak konuyla ilgili gelişmeleri değerli okurlarımıza aktarmaya devam edeceğizkaynak,30.09.2023
klima kumandalarını bir markanın aksine sezgisel tasarlamışlar sırf sebepten markayı seçecek bir dünya kullanıcı var,30.09.2023
havalandırma kumandaları tabletin içine gömme tembelliğine gitmeyen skodaya tebrikler menüler içinde dolaştıkça gözlerin yoldan ayrılıp trafik kazası ihtimali artıyor,30.09.2023
sefer güzel olmuş,30.09.2023
elektrikli araç tasarımına benzetmedikleri güzel bir model olmuş passatı mahvettiler azından skoda düzgün bir model kalmış oldu herkes klima kumandalarını manuel istiyor alman markaları japonlar ileriyi düşünemiyor bilemiyorum mazda konuda açıklama yapmıştı klimaların dokunmatik olması gözün yoldan ayrılmasına sebep oluyor yüzden yapmayacağız,30.09.2023
klima kumandaları tuşlu döndürmeli mekanik olmalı nokta klimayı dokunmatik ekrandan yönetipte yoo bence sıkıntı olmuyor diyen ağır fanboydur şirketin ini servise götürürken klima menfezlerini fan gücünü ayarlayacağım yaklaşık dakika oyalanmıştım,30.09.2023
bayağı iyi olmuş tasarım özellikle ekrana bayıldım değerlendirilebilir,30.09.2023
hayret vag grup sıkıcılığından uzak güzel ayrıca klimayı dokunmatik ekrana entegre etmek kadar kullanışsız aptalca bir olamaz doğru olanı yapıp analog kumanda kullanmaları artı puan,30.09.2023
piyasada kazaların çoğu dijital ekrana entegre klimadan dolayı oluyor klimayı ayarlayana kadar dakikalar geçiyor analog saniyelik iş şeyin ekranda olması aptallık teslanın tek kötü yönü mesela,30.09.2023
hocam sizinde lik araç portföyünüz var ilanlarınızda skoda göremedim,30.09.2023
ekran büyümüş vites küçülmüş güzel olmuş,30.09.2023
onlar sonradan alkan oldu orijinal alkanız alakamız yok soyadı benzerliği,30.09.2023
resimlerini paylaştığınız bol düğmeli klima kumandalarının günümüzde çoğunlukla lcd ekrana taşınması malesef maliyet kaygılarından dolayı yüksek kaliteli bir kumanda paneli tasarlayıp üretmek yerine lcd ekranın yazılımına bir menu ilave ediyorsunuz iş bitiyor bir bunu inovasyon pazarlamaya çalışıyorlar halbuki maliyet azaltma çalışması aynı lcd gösterge paneli geçerli bunları hayalet gösterge paneli çıkardılar bir başta eksra ücretle alınıyordu falan halbuki ibreli göstergeler maliyetli kaliteli idi şimdi alt pakete dijital gösterge koyuyorlar ucuz,30.09.2023
i̇şte sebeple günümüz araçları almanlarda dahil olmak üzere eski kalitesinde değil eskiden maliyet kaygısı azdı kaynak boldu tam bir yarış vardı şuan rekabette olduğunu düşünmüyorum ben eski arabaları özleyeceğiz millet yeni yeni tutturmaya devam etsin,30.09.2023
eski tip düğmeli ford transitte seyir halindeyken bakmadan klima ayarı yönü fan hızıdireksiyon haricinde ses kısma müzik değişme kolay yapılıyor kaldı şekildeki araçların çoğunda durum aynı fakat komple ekrana entegre edilmiş yine burada benim tahmin ettiğim yine arkadaşların söylediği tamamen maliyeti azaltmak yapılmış yenilik adı altındaki gelişmeler hayra alamet değil tamamen kaza sebebiyani yenilik görünen gelişmeler hayat kolaylaştırmıyor hatta bunu tasarlayan mühendisler bile hareket halindeyken eminim zorlanıyorlardır sistemi kontrol ederken,30.09.2023
atladığın bir var mercedeste klima menüsü ekranda sabittir yönden iyi resime gitmek tıklayın,30.09.2023
cupra formentor benzerlik var,30.09.2023
ti̇ggo pronun içine dışına bakmak lazım ti̇ggo pro max ön konsolu uzun ekranlı olan modeli efsanebu modeller örnek alınacak iç tasarımlara sahip bence tabiki güzellik tasarım görecelidir,30.09.2023
honda toyota iç dizaynı olmuş,30.09.2023
galericilere hayırlı olsun,16.09.2023
tsi bir yer uçağıböyle araçları almak hayal oldu bari saatlik falan kiralasalar keşke azından saatliğine asfaltı kazıyıp tatmin olsak,16.09.2023
km menzil elektrik motoru extra benzin müthişkeşke plug in olmasaydı,16.09.2023
umarim dizel tekrar gelir passatin yoklugunda piyasayi silip supurur benzindir hibrittir elektriktir bir yana dizel bir yana,16.09.2023
fiyatlara bakıp ali cabbar dinliyorum,23.09.2023
superb resime gitmek tıklayın kodiaq resime gitmek tıklayın,30.09.2023
güzel begendim neyse klima kumandalarını koymuşlar,30.09.2023
passat variant skoda olacak deniyordu motora opsiyonunu koysalar tatlı olurdu be,30.09.2023
dizelin tadı başkadır,30.09.2023
yahu tablet işinin ciddi manada xoku çıktı ekran tüplü tv tadında,30.09.2023
adblue sistemlerinin karmaşıklığı çıkardığı sorunlar dizeli cazip olmaktan çıkardı malesef ancak adblue olmadan kriterlerini karşılayacak dizel teknolojisi geliştirilirse bunun olacağını düşünüyorum dizel tekrar populer olacaktır,30.09.2023
yeni paasat motor seçenekleri superb aynı resime gitmek tıklayın,30.09.2023
resime gitmek tıklayın,16.09.2023
,16.09.2023
iç tasarım belli oldu begendim resime gitmek tıklayın,30.09.2023
hocam sorunu buradan kimse tahmin edemez aracınız garanti kapsamında servise götürün hallederler,19.08.2023
aynı araç aynı sorun bende var ben aracımı kurcalatmak istemediğim idare ediyorum öyle müzik açıyorum duymamak,26.08.2023
sen mesaj atalı ay olmuş maşallah konu aktif d,09.09.2023
herhalde herkes memnun pşahsen ben model benzinlisini yaklaşık kmdir kullanıyorum üstün bir altı paketi kullanıyorumklimanın soğutma performansındansoğutmalı olduğu halde nedense tam kapanmayan kolçaktan sizinkinde olabilir serviste iki farklı superbe baktım aynı sroun vardıyol gürültüsünün fazlalığındankopan sesle senktron olmayan carplayden memnun değilimilk aklıma gelenler bunlar bunun dışında sunduğu tür konfor performanstan memnunum önce arası çıkan focus bir yıl kadar model kullanmıştım uzun süreli olarak dolayısı beğeni kıyasımda modeller ön planda,16.09.2023
model dizel kullanıyorumyazdığınız sorunlar bende olmadıaracı sıfır almıştımşuan bin km aracımbeni üzecek bir sorunla model eat peogeot rıfter ticari araç almıştımgaranti bittikten ay sonra adblue sorunu çıktıservis sorunu çözmek bin tl para istedi komple sıvı tankı vs rakam beni şok bin km böyle sorun çıkması anormal geldiözelde iptal ettirdimbu sefer farklı sorunlar çıkmaya başladı ekrandadüşük fiyatla elden çıkarmak zorunda kaldımbenim pag grubu araçlar malesef tarih başlayan skoda serüvenim superb birlikte benzinli karogta aileye katarak devam ediyor,16.09.2023
açık söylemek gerekirse ben d segment bir araç alacak olsam kesinlikle otomatik vites alırdım bunun manuelleri takside mi çalışmış kadar baktıysam kmler yüksek bence hocam otomatik alın iyi yatırım olur,23.09.2023
umarım sorduğunuz zaman almışsınızdır şuanda civarında,23.09.2023
süperb biraz zorlayınca hararet kafa kaldırmaya başlıyor larda falan sıkıntıyı yaşayan varmı arkadaşlar,23.09.2023
güzel duruyorlar,23.09.2023
keşke vitesi joystick yapsalardı,23.09.2023
tutmaz motora lpg takılmıyor bile baştan elendi,23.09.2023
mekanik el frenini bari makyajda değiştirseydiniz,23.09.2023
eh fena değil satış başarısı fiyata göre olacak hafif makyaj kelimesinin tam manasıyla önümüzde getirildiğini söyleyebilirimopsiyon olarak yada bir motor seçeneği olsa fena olmazdı,23.09.2023
güzel araba para,23.09.2023
bin km araç alınır hocam allah yardımcın olsun,23.09.2023
ben a b c sinifi binenem hocam önceki arabamda di kmsi liraya sattim birdaha geleceğim dünyaya,23.09.2023
evet kasım aynında tl euro sıfır olarak aldığım tdi dsg aracımı yıl sonra euro sattım yeni bir sıfır araç bin km kullandıktan sonra yapabileceğim yorumlarartılarıçok yakıyorçok büyük bir bagajı vareksileri̇çeriye ses alıyorfrenleri zayıfarka tarafta klima ızgarası yok sadece önden üflüyor,23.09.2023
arada özelden sorular geldiaracı yıl bin km kullandım süre içerisinde iki tane arıza verdi devir daim su pompası diğeri egr başka bir arıza vermedi ikisini yan sanayi ürünle değiştirdimevet dsg arıza vermedi şekilde sattım,23.09.2023
octaviam var binde satip uzerine ekleyip uzeri octavia uzeri superb almak istedim acikcasi octaviadaki ic konfora genislige alistiktan sonra diger marka modellere mesafeli durdum piyasaya genel olarak baktigimda ustu civarına manuel vites araclar pek ragbet gormuyor geldi milyon verip duz vites kullanmak istemiyor insanlar yuzden agir satilacagini dusunuyorum favorilere ekledigim otomatik octavialar surekli satilmis olurken ekledigim birkac manuel superb hala ilanda ben kendi adima bin ustu dsg sanzimanli dizel araca m verip surekli bir ariza cikacak mi dusunmek istemezdim,16.09.2023
millet küresel ıaınma diyor skoda gidip aracı kutuplarda test ediyor getirsin ekvatorda test etsin hissedileni derece olan sıcaklarda,16.09.2023
umarım octaviada bunlara benzer,16.09.2023
sıcak testi ayrı soğuk testi ayrı yalnız,16.09.2023
,16.09.2023
bende bundan arıyordum baya geç kalmışım,16.09.2023
skoda kodiaq selefine kıyasla büyük gövdeye bunun getirisi olarak ferah bir yaşam alanına sahip olacak skodanın son teknolojik özellikleriyle donatılacak olan suv modelde benzinli hafif hibrit dizel şarj edilebilir hibrit olmak üzere oldukça geniş bir kitleye hitap eden motor seçenekleri göreceğiz bunlardan sonuncusunun hp güç kmye kadar saf elektrikli sürüş menzili sunduğu belirtiliyor ayrıca modelde kw dc hızlı şarj desteğinin bulunacak olması dikkat çeken bir detayfotoğraflardaki araç kamuflajlı olsa dış tasarımda radikal bir değişim olmadığını rahatlıkla görebiliyoruz ön tarafta devam eden bölünmüş far tasarımına büyük panjur eşlik ediyor tamponda gerçek olduğunu tahmin ettiğimiz dikey hava girişlerinin otomobilin aerodinamik yapısına katkı sağlamakla birlikte sportif bir görünüm oluşturduğunu söylemek mümkün profil tarafında güçlü görünüm sürüyor bunun dışında omuz çizgisinin yükseltildiğini yan aynaların biraz aşağı konumlandırıldığını görebiliyoruzyukarıda yeni kodiaqın selefinden büyük olduğunu söylemiştik açıklanan rakamlara baktığımızda yenilenen suvun mm uzunluğa mm genişliğe mm yüksekliğe mm aks mesafesine sahip olduğunu görmekteyiz onu ilk jenerasyondan cm uzun bir araç haline getiriyoryeni kodiaqın motor seçenekleri şöyle tsi hafif hibrit vites dsg önden çekiş hp tsi vites dsg dört çeker hp tdi vites dsg önden çekiş hp tdi vites dsg dört çeker hp tsi iv şarj edilebilir hibrit vites dsg önden çekiş hpaçıklanan verilere göre skoda kodiaqın bagaj hacmi litre artışla litreye yükselmiş elbette değer standart beş koltuklu versiyon geçerli yedi koltuk seçeneğinde bagaj hacmi ila litre arasında değişiyor i̇kinci sıra koltukların ilerigeri kaydırılabildiği modeldeki üçüncü sıra yolcular sunulan baş mesafesi mm kadar skoda kodiaqın teknolojileri arasında full led matrix farlar inç dokunmatik multimedya ekranı inç dijital gösterge paneli headup display göreceğiz mobil uygulama aracılığıyla uzaktan park özelliğinin aktif olacağı araçta gelişmiş acil durum asistanı trafik sıkışıklığı asistanı görev yapacak kms hıza kadar çalışan durkalk özellikli adaptif hız sabitleyici kodiaqın fonksiyonları arasında yerini alacakyeni skoda kodiaqın tanıtımı önümüzdeki sonbaharda yapılacak konuyla ilgili gelişmeleri değerli okurlarımıza aktarmaya devam edeceğiz,16.09.2023
den kaliteli güzel bir araç fiyatı ateş pahası,16.09.2023
merak ettiğim araçlardan diğeride yeni superb zaten plugin hp kulağa hoş geliyor km saf elektrik iyi muhtemelen yeni superb kullanacaklar motoru skoda giderek kendini aşıyor kendilerine has bir kültürleri tarzları var vag içerisinde oldukça etkin bir marka haline geldiler kardeş marka seat kıyaslanıyorlardı seat ı oldukça geride bıraktılar avrupa satış adetleri neredeyse seat ı ikiye katladı,16.09.2023
sorma baya kesiyorlar donanımdan torpidodaki soğutma çıkışını bile kesmişler,26.08.2023
prestige pakette göremedim normalde mavi renkli bir kapak olmalı benim model yok şerit takip yazılımı araştırdım garanti dışına çıkar sene beklemeye karar verdim çokta ihtiyaç duymam düşünüyorum,26.08.2023
ben motora yapılan yazılımı sormuştum beygiri beygire yükseltiyorlar tork artıyor önceki aracımda yaptırmıştım memnun kalmıştım,26.08.2023
aracınız hayırlı olsun kazasız belasız kullanın ben model aracıma gecen sene kör nokta şerit takip asistanı acc yaptırdım bunların içinde kullanışlı olanı acc kör nokta şerit değiştirme parktan çıkış asistanı bunun arka tampon içine adet radar ayna kapakları değişimi gerekiyor şerit takip asistanı uzunyol yapmadığınız sürece şehir içinde kullamını pek sevimli değil fakat acc birlikte şehir yoğun trafikte işe yarıyor birde uzun yolda acil durum asistanı olması gereken bir asistan tabii direksiyonu tutun uyarısını orjinal süresi olan saniye ayarlı olduğunda eger aracınızda uzun far asistanı var ayna üzerinde şerit takip kameranız var demektir durumda cam değişimi kamera masrafının olmaz kamera yan aynalarda on tamponda arka adet özel olan kamera adet decoder işlemci gerekli senede bir kaç sefer gerekli olabilecek bir asistan maliyetli araçdaki sensörler geri görüş kamerası bana yeterli geldi,19.08.2023
merhabateşekkür ederim sizede kazasız belasız sürüşler dilerimaraçta kamera varmışuzun far asistanı yazılım şerit takip açtırabiliyorum kör nokta derece kamera fiziki değişim gerekiyormuş derecenin maliyeti yüksek olduğu yaptırmayı düşünmüyorum civarı bir maliyet çıkardılar kör nokta içinde maliyet çıkartıyorlar kadar etmez düşünüyorum yüzden onuda şimdilik askıya aldım şerit takip müsait bir zamanda biraz yol yaptıktan sonra yaptıracağım yetkili servis açmıyoruz fabrika izin vermiyor olası bir elektronik arızasında garanti kapsamı dışında kalırsınız dediler muhtemelen yıl kullanıp ihtiyaç duyarsam garanti bitiş sonrası açtıracağımacc bencede kullanışlı asistan şehir içi dışında aktif kullanıyorum özellikle yoğun trafikte gaz fren yapmaktan kurtarıyoraraca alıştıkça önceki aracım passat a göre farklılıklar gözüme çarpıyor passat a göre stop start başarısız buldum tam durmadan aracı stop ettiriyor bazen birde start olurken geç tepki veriyor passat anlamda başarılıydı direk aracı çalıştırdığımda özelliği kapattığım sorun etmiyorum yıl genç araçta özellik iyi olmasını beklerdim özellikle tam durmadan stop etmesi güvenlik sorunu yaratabilir korktum herkese iyi sürüşler,19.08.2023
stop start auto hold sorunsuz çalışıyor auto hold kapalı olduğunda bahsettiğiniz sorunlar oluyor,19.08.2023
merhabayeni kodiaqlarda şerit takip kamerası kamera sadece şerit takip açılır lakin pacc swap kodu alınması gerekiyor son ödedik sadece kod öncesinde radar takılması gerekiyor ara acc fiyatları bin liraları buluyor kodiaq skoda grubunda sinyal kolu değişecek son servisten tl bi fiyatı vardı saygılarımla,19.08.2023
ikisi high kamera orjinal direksiyona duyarlı kameralarsaygılar,19.08.2023
acc bi bilgilendirme yapayım acc şehir içinde kullanıcıdan fazla fren yaptığı disk balata tüketim hızları kullanıcılara göre hızlı oluyor nedenle şehir içi kullanmak mantıklı değil şerit takip ekstra tesisat gerekmediğinden yazılımdan açılan bir işlem olduğu garantiyi etkileyecek bir durumu yok sıfır araçlara neler yaptık servis farkına bile varmadı saygılar,19.08.2023
hocam cam değişmeden şerit takip acc halledilebiliyormu benim arac çin,19.08.2023
camınızda kamera varsa değişmesine gerek yok şerit takip yazılım açılır acc radar sinyal kolu değişmesi gerekiyor saygılar,19.08.2023
kullandığım araçta pacc aktif bilmediğiniz uzun yolda pacc işe yarıyor pacc yolun durumu viraj hız levhanalarını dikkate alarak hızını düşürüp tekrardan hızlanmanızı sağlar acc ye ek olarak yapılması gerekiyor bunun aracın kendi navigasyonunun aktif şerit takip kamerasının aktif edilmesi gerekiyor euro pacc aktive edilmesi gerekli swap kodu öncesinde aracın kendi navigasyonunun çalışıyor olması gerekiyor,19.08.2023
bilgilendirme teşekkürler durumda eur navigasyona vermek gerekiyor toplam eur yapıyor pacc sızda yaşayabilirim sanırım,19.08.2023
artık sd kart girişi torpido giriş bölümü yok kablosuz şarjın ordaki usbc lere usb takıp müzikvideo oynatabiliyorsungüle güle kullan,26.08.2023
teşekkürler donanımlardan kesmişler anlaşılan,26.08.2023
ankaradasınız sanırım malzemeyi aliexpressden alarak necati kaygusuza montaj yaptırabilirsiniz,05.08.2023
ankaradayım hocam hemen bi bakayım,05.08.2023
merhaba bayilerde araç yok i̇stanbul bilgisi olan yazabilirim,05.08.2023
hocam mesajını şimdi gördüm linke tıkladım otomatik octavia geldi t roc kodiaq olanı seçeceğim değil mi resime gitmek tıklayın,05.08.2023
zam yedik,05.08.2023
evet üstat,05.08.2023
hocam teşekkür ederim aliexpressen aldım necati beye götürdüm kendisi güzelce taktı cihazın parametrelerine baktı orjinal olduğunu söyledi hatta trdeki orjinallerin görüntüsünden iyi güncel versiyon sanırım dedi memnun kaldım ben i̇lginiz desteğiniz teşekkür ederim sorunumu düşük maliyetle çözdüm teşekkür ederim,12.08.2023
cam değişimi şart hocam serit takip icinhayırlı olsun arada bende balıkesir yağcı otomotivden model prestij paket km test aracını cuma günü milyon a teslim aldımarac kullanılmış paneli sebebiyle seramik cam kaput filmi hediye ettiler benim araçta acc şerit takip yok kör nokta var acc değilde şerit takip olmasını isterdim açıkçası yapcak bisey yok arac cidden büyük aile bile büyük bence arka tarafı devasa salon kazasız belasız surusler dilerim,19.08.2023
hayırlı olsun güle güle kullanın passat tan araca geçince bende yükseklik dışında bir değişiklik hissetmedim passat a göre kısa geniş alışınca küçük arabaya binmek istemezsiniz passattan suv a geçmek istediğim kodiaq seçtim diğerleri küçük geldi gözüme acc yi öndeki panele radar ekleme kol değişikliği yapabiliyorlar manisa bir yer var instagram avcagcom ismiyle görüş istersen şerit takipten kullanışlı acc şehir içinde dur kalkta iş görüyor şerit takibi uzun yolda yarı otonom istiyorum bende öncamda kamera var görünüyor cam değişmeden yazılımla açılabilir bilgisi verdiler bir ara uğrayıp denettireceğim açmayı kör nokta aynalar değişiyor maliyeti yüksek yaptırmam muhtemelenbirde navigasyon kapalı canımı sıktı gerçi carplay hallediliyor hayalet ekranda harita olsaydı güzel olurdu ona lisans gerekiyormuş eur maliyetli,19.08.2023
sevindim sorununuzu çözdüğünüze ankarada araçla ilgili sorununuz olursa ben yardımcı olurum necati abide bilgilidir vag grubunda bakım onarım konusunda çekinmeden gidebilirsiniz saygılar,19.08.2023
tekrar selam ön camın resmini atarsanız kamera var yok yardımcı olayım uzun far asistanı far kamera takılıdır lisans konusunda yardımcı olabilirim azından özelden medyanın sürümünü gönderirseniz yardımcı olmaya çalışırım arada otonom şürüş acc gerekli şerit takip yanında lakin sizin araç yeni olduğu kameranız varsa büyük ihtimal lu kameradır kameralarda aktivasyon biraz sıkıntılı maliyetli normal şerit takip açılabiliyor pacc isterseniz onlar biraz maliyetli şuan ayrıca ben sizin passattan kodiaq a geçmek istiyordum kafama göre araç bulamadım erteledim değişimi fikirleriniz önemli olacaktır benim benim büyük sıkıntım kullandığım araçta donanımları pacclanesi̇dearea vi̇ewpla vs vs kendimiz eklediğimiz aradığım araçta uğraşmak istemiyorum hazır olsun istedim şekilde araç bulamayınca kaldı not vag grubu ilgili merak ettiklerinize seve seve yanıt verebilirim genel olarak bi bilgi paylaşayım dedim saygılarımla,19.08.2023
merhabauzun far asistanı var araç model prestige paket bende prestige paket diyince herşey dahil ekli gelir diyordum chip krizini skoda fırsata çevirmiş kırpmış çoğu donanımı başta bir canımı sıktı arabaya binince umursamadım mümkünse uygun olanları kendim ekletirim artık dedim donanım ihtiyacı olanlar baya maliyetli gibibenim ekli olsaydı iyi olur dediğim özellikler şerit takip asistanı kör nokta asistanı derece kamera park asist itibariyle acc standart haline gelmiş baya kullanışlı bir özellik i̇stanbul trafiğinde işe yarıyorözelden foto paylaşıyorum özelden görüşürüzşerit takibi acc yolda direksiyonu araca bırakmak istiyorum yolda şeride çıktım uyaran basit şerit takip asistanını pek istemiyorum onu genelde kapatıyorum zaten benim passat tsi dsg comfortline dı i̇lk izlenimleri paylaşacak olursampozitif görüşlerim passat tan sonra yüksek geldi kısa sürece alıştım yüksek araç kullanmak konforluymuş yol gürültüsünü kodiaq yeni olduğu yükseklikten dolayı alıyor rüzgar sesini fazla duyuyor gibiyim inch jant yükseklik çıkurlardan etkileniyorum sanırım panaromik sunroof efsane bence özellikle arkada yolculuk yapanlar acc süper bir özellik arka koltukların ileri geri gitmesi bagaj artı yer demek fakat öne çekince aradaki boşluk dolmuyor arayı ekstralarla doldurmak gerekebilir arka koltukları kademe eğim ayarlanıyor arka kolcular güzel bir özellik passatta biraz gömülüyorduk eşimin fıtığı olduğu arkada oturmak istemezdi kodiaq ta sorunsuz oturabiliyor tavan yüksekliği iyi passat tan sonra e sığamamış kafam değmişti kodiaq ta yeterince yüksek ferah araç kadar kilo ağır olsa hp farkından dolayı araç ağır kalmıyor yakıt tüketimi passat la farkı yok yeni teknoloji motorda kazanacağım kazanç ağırlık yükseklikten dolayı benzin tüketimiyle dengelenmiş küçük direksiyon kullanışlı şık sanal pedal standart sunulan özellik eller doluyken avantajlı araç baya heybetli güzel görünüyor yeni görünümlefacelift birlikte araç atak saldırgan duruyor aracın arka yolcu bölümü oda bir salon geniş ferah anahtarsız giriş çalıştırma özelliği güzelnegatif görüşlerim passat iç malzeme kalitesi iyiydi sert plastik bölümler passat ta kaliteliydi arka kapılarda pencere ön bölümü sert plastik kodiaq ta passat ta yumuşak kaplamaydı passat ta kafa başlığı öne arkaya ayarlanabiliyordu kodiaq ta özellik yok navigasyon var kapalı aktivasyon eur isteniyor saçmalık kullanacağımı düşünmüyorum hayalet ekranda navigasyonu açmak güzel olurdu carplay google maps kullanıyorum passat a göre saklama alanları dar örneğin direksiyonun sol altındaki küçük cebe ruhsatı koyardım kodiaq ta sığmıyor yan cepler passat a göre dar kolçak öndeki bardaklık bölümü passat ta kullanışlıydı passat ta bardaklık değişken boyuttaydı kodiaq ta aparat içindeki bölmeler sabit büyüklükte sd okuyucu cd sürücü yok internetin olmadığı telefonu bağlamadığım zaman radyo yoksa müzik yok demek ortada kalanne pozitif negatif görüşlerimo sağ taraftaki alta açılan cep passat derindi kodiaq ta cep var fakat alt cep büyük olsa iyi olabilirdi passat ta bagaj derindi kodiaq yüksek kullanımı yazın memleketten dönerken hissedeceğim genişlik fazla olduğu ferah bir koltuk alanı var fakat yolda yanımdan araç geçerken tedirgin oluyorum kodiaq geniş olduğu dik parkta boş yer bulmak zor kısa olduğu paralel park avantajlıyol tutuşunda sorun görmedim viraj performansını denemedim hız yapan olmadığım yükseklikten dolayı olan negatif etkiyi pek yaşayacağımı düşünmüyorumsonuç olarak güzel araba bayıldım d segment suv fp olarak ilk tercihim olacaktırkodiaq sonrası alacağım araç bir kadar para vermem gerekecek sanırım konforun sürüş zevkinin üstünü glc premium araçlarda bulurum gibibu yazdıklarım benim görüşümdür eski aracım passat karşılaştırma fikirlerimdir başka görüşleri bağlamaz ytdumarım istediğin aracı bulabilirsin model araç başladığım araç arayışımı ellerin yüksek olması sebebiyle sıfırek maliyetsiz bayi hava parasız araç alarak tamamladım yıl binerim artık kazasız mutlu sürüşler dilerim,19.08.2023
hocam merhaba benim aracın on cami panjurdada kamera var onuda gonderdimserit takip accl hatta pacc eklenebilirmi cam değişmedenarac prestij şimdiden tsk ediyorum resime gitmek tıklayın resime gitmek tıklayın,19.08.2023
selamsıfır model tiguan allspace life panoramik cam tavanlı araç sıfır skoda karoq prestij panoramik cam tavanlı araç arasında kaldımdsg şanzıman model tiguan sorun yaşamış birisi olarak doğuş oto onların grubu arabalara sıcak bakmıyordum fakat son zamanlardaki araçları hakkında bilgim yokyakıt tüketimi servis bakımları araçlarla ilgili görüşleriniz varsa benim değerli olacakşimdiden teşekkür ederim,29.07.2023
geri kamera hocam,05.08.2023
prestige paket kodiaq kullanıyorum alırken sorduğumda kuru tip dedi servisin ustası fakat internetten araştırdığım kadarı şanzıman model ıslak tipkodiaq şanzıman bilgisi,05.08.2023
geri kamerayı servise taktırmanın gereği yok hocam basit bir işlem işin ehli bir usta takabilir kodlaması basit tek dikkat etmeniz gereken high versiyon olsun direksiyona duyarlı olsun saygılar,05.08.2023
teşekkür ederim hocam inşallah ustalara high versiyonu anlatırım gerçi sorarım direksiyona uyumlu,05.08.2023
skoda enyaq lk olarak adlandırılan modelde gelecekte diğer elektrikli skoda modellerinde kullanılacak olan kwlık hp güç aktarma sistemi bulunuyor i̇lginç şekilde lk versiyonun arkadan itişli dört tekerlekten çekişli versiyonları aynı azami güç değerine sahip görünen skoda çift motorlu versiyonda sınırlama uygulamışsöz konusu versiyon aynı zamanda büyük batarya donatılmış böylece wltpye göre kilometreye kadar uzanan yüksek sürüş menzili elde edilmiş kıyaslamak gerekirse kwlık motora sahip standart enyaq modelinde değer kilometre olarak karşımıza çıkıyor yeni sistem sayesinde otomobilin kms hızlanma süresi saniyeye düşürülmüşenyaq lk ilgili bir diğer gelişme şarj süreci batarya ön ısıtma fonksiyonuna sahip olması diyebiliriz sayede kısa şarj süreleri elde edildiğini dile getiren skoda bataryanın yüzde yüzde doluma dakikada ulaştığını belirtiyorön ısıtma fonksiyonu aracın bilgi eğlence sisteminden manuel olarak aktif edilebildiği navigasyon verilerine göre otomatik olarak devreye alınabiliyor yeni araç yazılımının bir parçası olan ön ısıtma fonksiyonunun yılın sonuna doğru enyaq modellerine getirileceği bildirildiayrıca bkzmakyajlı volkswagen touareg hafta tanıtılacakkozmetik güncellemelere baktığımızda enyaq enyaq coupenin lk versiyonlarında led aydınlatılan crystal face led matrix farlar inç jantlar deri döşeme ısıtma havalandırmalı ön koltuklar lk logoları standart özellikler görmekteyiz ayrıca yeni enyaq lknin kolay kullanım güncellenen yeni kullanıcı arayüzüne sahip ilk model olduğu ifade ediliyorskodanın elektriklisi henüz türkiyeye gelmedi işler planlandığı giderse yılında satışa sunulacak skoda enyaqın fiyatı almanyada eurodan başlıyorkaynak,02.09.2023
skoda seat markaları vag grubunun şık tasarımlarına sahip markaları grubun bentley bugatti lamborghini egzotik ultralüks supercar hypercar markalarını dışarıda tutarak söylüyorum,02.09.2023
tasarımlarını beğeniyorum,09.09.2023
birinde özel metalik renk mevcut zaten bin tl civarlarında ediyor sana bin tl diğerinde jant acc metalik renk sürüş modu yönetimi var bin tl sanırım pahalı b hb ünvanını almış oluyor fiyatlara araçlar opsiyonlanmış,12.08.2023
aracım şuan gümrükte arkadaşlar jant opsiyonu istemiştim araçta mevcut alıp almama konusunda kararsızım hala muhtemelen alacağım bayide sıfır araç bulmak kadar zorken aracı almamak şımarıklık olur,19.08.2023
araç yok bir zor alırsınız şimdi almazsanız hayırlı olsun şimdiden,19.08.2023
teşekkür ederim haklısınız zaten gelecek bir araç dediğiniz denk getirmek sonra zor olacaktır,19.08.2023
ben bayiyi aradım hocam st yıldır paketin gelmediğini söyledi,19.08.2023
arabanın tasarımına bayılmıştım başka bahara kaldı,19.08.2023
satış temsilciside güzel sallamış araba türkiye satışa çıkalı sene oldu,19.08.2023
merhaba bende fabia var tdi dizel sorunum araç yarim kontak yapinca gosterge paneline analog saat bir işaret geliyor yaninda rakamlar var anlama geliyor,26.08.2023
arkadaşlar kullandıgım yarisi satıp sıfır monte carlo alma hayalim var evet biliyorm zor almak an bayiilerde yok kredi imkanları nedir,26.08.2023
elite paket bulunabiliyor soran oldu birde liste fiyatından veriyorlar,05.08.2023
hiçbir çeşit fabia yok bayide,05.08.2023
seat modellere bin tl zam yaptı paralel olarak skoda civarlarda yapacak görünüyor önümüzdeki hafta içi modellerin fiyatı belli olacak tsi fabia nın bende peşindeyim sarı sitede bir tane satılık var yazmış tam komedi üstüne opsiyonel donanımlara bin tl yazmış tsi monte carlo mükemmel olurdu fiyatı bandını geçmezse alacağım yüksek olursa tsi premium özel sipariş vereceğim yaşında bir kızım var kişilik bir aileyiz şuan mevcut arabamda yarış mavisi eski kasa fabia tsi dsg style arka diz mesafesi olarak biraz dar olduğu yeni kasasına geçeceğim oto koltuğuna oturtamıyoruz ayakları rahat edemiyor kızımın yeni fabia konuda bize yeterli gelecek bakalım hayırlısı,05.08.2023
tsi fiyatı alırsanız bana haber verin,05.08.2023
monte carlo fiyatı alacağım fiyatı yüksek gelirse premium üzerinde yoğunlaşacağım,05.08.2023
monte carlo trye getirmezler pahalı olup satılmayacağı bulursanız şükredin tsi premium bile avrupadaki style paketin kırpılmış hali ekstra donanımlarıyla avrupa fabiasına benziyor araç,05.08.2023
şubat sonu geliyor monte carlo sadece tsi motor mevcut,05.08.2023
fiyat belli oldu tl alacaktım fiyat yüksek kadar zam yapılmamalıydı düşünme aşamasındayım bakalım neler olacak,12.08.2023
premium kalkmış sadece monte carlo var,12.08.2023
satış temsilcime sordum tsi fabia monte carlo varmış araçlar tahmini mart gelecekmiş zamana kadar tl bile kalmaz fiyat,12.08.2023
zaten şuan türkiye araç yok monte carlo şubat sonu mart başı gelecek bayilere araçlar şuan üretim planında gümüş gri rengini sipariş verdim ben renk vardı zaten kırmızı turuncuyu hanım istemedi yarış mavisinide şuan kullandığım fabia aynı renk olduğu istemedik grafit gri monte carlo siyah detayları göstermiyordu geriye ay beyazı gümüş kaldı gümüş renk arabamız olmadı onu seçtik siyah detaylarlada güzel duruyor bence artık fiyat olmazsa bence azından gelecek ilk parti araçların fiyatında değişiklik olmayacaktır bayi satacak başka birini bulur muhtemelen,12.08.2023
şimdiden hayırlı olsun hocam monte carlo,12.08.2023
tek sıkıntınız fiyat sabitleme meselesi onu satış temsilcisine bir sorup netleştirin yoksa geç olsa alırsınız arabayı geç olsun güç olmasın tsi ın hakkını verin yenge kullanacaksa yazık olur tsi bile işinizi görürdü yoksa,12.08.2023
fiyat yeni geldiği muhtemelen değişmez dedi tabi garanti edemiyor araçlar üretim planlamasında tsi istememin nedeni zaten trafikte küçük süprizler yapmak hanım nadiren kullanıyor,12.08.2023
teşekkür ederim inşallah monte carlo dış body kit parlak siyah ön lip yan marşpiyel arka difüzör spor koltuklar monte carlo logolu kollu direksiyon simidi antrasit iç tavan döşemesi kırmızı detaylı iç trimler arka led stoplar full led ön farlar jantlar mevcut bunlar benim bildiklerim hayalet ekran geri görüş kamerası ön park sensörü anahtarsız giriş mevcut bilmiyorum bayide bilmiyor bunları ben kendim öğrendim bayinin monte carlo geleceğinden haberi bile yoktu,12.08.2023
diğer yazdıklarımda monte carlo standart üstüne karartılmış arka camlar otomatik katlanabilir yan aynalarda standart hatta premium hayalet ekran anahtarsız giriş hız sabitleyici standart olmuş,12.08.2023
doğuş otoya adet monte carlo gelmiş tl öteki tl,12.08.2023
merhaba memnunum araçtan,05.08.2023
gidişi falan motoru merak ediyorum hafif kasada,05.08.2023
fişek gidiyor d segment üstü araçlara bile kafa tutuyorum otobanda ü sn,05.08.2023
valla özel bi araç keşke rs paket falan gelseydi biraz özel bi versiyon güle güle kullanın,05.08.2023
rs olsa alamazdım teşekkürler iyisi sizlere nasip olsun,05.08.2023
stage bg miş bence durmanız hata d eyvallah,05.08.2023
gulietta kullanmadım bilmiyorum karşılaştırma yapamam performans tsi premiumda led stop var tsi premiumda halojen stop var aracımın kötü tsi lastikler var procyon aero kapaklı yeni kodiaqlardaki aero kapağın aynısı var sökülebilen cinsten tsi lastikli jantlar var bi önceki aracım makyajlı ibizaydı tsi hp onda lastikler vardı ani manevralarda yol tutuşu kötüydü tsi fabianın yol tutuşu kötüdür büyük ihtimalle ince lastik yüzünden tsi fabia iyi yol tutuş olarak geniş lastikli olmasından ötürü yalnız tsi fabiaya türkiye fabrika bridgestone un eco serisi lastiğini takmış ucuz olsun lastik yol sesi yapıyor sert lastik michelin primacy pilot sport takılırsa sorun çözülür konfor artarbunun dışında diğer donanımlar aynı dijital kadran anahtarsız giriş hız sabitleme vsben bayağı memnunum aracımdan boyutları sınıfına göre büyük hp tsi üst segment araçlarla kapışabiliyorum chatcback araç sürüyormuşum hissiyatı veriyor büyük boyutlu güçlü motorlu olması ben eylülde almıştım sahibindende iki kişi var benim aracı satan birinde dijital kadran yok led stop var tl istiyor diğer turuncu araç benimkiyle birebir aynı özellikli tlye satıyor onun aracı benimkinden tl pahalıydı turuncu renk exclusive olarak geçiyor tl farkla satılıyor ben yarış mavisi aldım sırf renk ekstra para vermek istemedim bayi araç geldi derse direkt alın insanlar tsi fabiayı bilmiyorken kaçırmayın arada bana haber verin alırsanız,05.08.2023
zaten araç max basıyor fabrika limit koymuş ben stock stageden memnunum gerek yok mesela bazen ışıklarda gaza gelip şanzımanı s moda alıyorum ani kalkış yapmaya çalıştığımda ön tekerler patinaja düşüyor tcs devreye giriyor küt küt ses çıkıyor haddinden fazla güçlü bir araç,05.08.2023
verdiğiniz bilgiler teşekkürlerbayi araca minimum max lik bir artış beklediklerini söyledi şuan liste fiyatı bin lira sizinde dediğiniz ancak civarı olarak ön görüyor bayi genede net kesin söylemedi kendi açıma konuşursam dan fazla olursa mecbur corsa ultimatee yöneleceğim ancak önceliğim tabiki fabia umarım düzgün bir fiyat gelir alabilirim güle güle kullanın aracınızı,05.08.2023
hocam şuan internetteki fiyat kasım ayı fiyatı ekstra donanımsız fiyat tsi fabia ekstra donanımlı satılıyor ben eylülde tl ye alırken skoda websitesindeki fiyat tlydi hatta bana tl dedi bayiler başta sıkı pazarlık sonucu tl ye indirdim buna göre ocak ayı fiyatını sen hesap et bence tl civarlarında olacak yeni yılda tsi ekstralı fabia bir evliymişsiniz yenge var çocuk falan bagaj ihtiyacınız varsa bence yine tsi fabiaya bakın corsanın bagajından büyük ben bekar olduğum olaya performans odaklı yaklaşarak aldım bagaj bana ekstra oldu ihtiyacım yok halbuki ibizanın bagajı iyi sayılır arada derindi bagajı,05.08.2023
valla bayinin yalancısıyım hocam premium olarak geçen versiyon küsür dedi kendi tahmini olarak küsür dedi dediğiniz yaklaşırsa maalesef fabia defteri benim kapanır b segment araca paralar verilmez yeni evliyim henüz çocuğum yok bir sürede düşünmüyorum zaten evin aracı olacak eşime alacağım asıl aracım nissan xtrail dolayısıyla boyut alakalı sıkıntım yok,05.08.2023
değişiklik yok,19.08.2023
senin araç bin olmuş amma velakin bayilerde araç olmadığı sarı sitede binden başlıyordur fiyatları,19.08.2023
ocak ayından beri aynı fiyatlar nisan ayında zam gelebilir dedi satış temsilcisi,19.08.2023
geçen ay liraydı zaten bir benimki premium paket monte carlo geçen ay geldi premiumu kaldırdılar,19.08.2023
fiyatlara bakıyorum togg baya bi hizaya sokacak fiyatları,19.08.2023
fiyat açıklanması ifade etmiyor bayiler stoklarındaki araçları saymak yerine elinde tutup yattığı yerden para kazanıyorbu durumu doğuş otomotivin genel merkezine bildirdim bayilerin satıp satmama konusunda istediğini yapma hakkı olduğunu söylediserbest piyasa olduğu söylendiçok fazla özgür bir ülkede yaşıyoruz,19.08.2023
bin renk opsiyonu vs bin oluyor yarış arabası motoru premium vardı şimdi içini yarış arabası yapmışlar,19.08.2023
skoda yeni teknolojilerle üretim verimliliğini artırmaya üretim sürecini geliştirmeye devam ediyor yapay zeka entegre edilerek skoda fablab tarafından üretim hatlarına yerleştirilen magic eyesihirli göz kamera sistemi sürekli olarak üretimi takip ederek olası sorunları tespit etmeye odaklanıyormontaj hattındaki havai konveyörlerin üzerine konumlandırılan sihirli göz kameraları yüksek hassasiyetle parçaların fotoğraflarını çekerek binlerce görseli anında karşılaştırıyor hareketli parçaları arıza yaşanabilecek noktaları gözlemleyen sistem gerçek zamanlı olarak aşınan noktaların ekranlarda tespit edilmesini sağlıyor sayede üretim hattının zaman kusursuz kalmasını garanti ederken üretim aksaklıklarının yaşanmasının önüne geçiyorayrıca bkzteslaya düşen direksiyon soruşturması bin model y mercek altındaaşınan noktaları anında bildiren sistem böylece bakım zamanlamalarının önceden bilinmesini sağlayarak planlama yapmayı kolaylaştırıyor bununla birlikte sistem yapay zeka sayesinde geçen gün fazla görselle birlikte kendisini geliştirerek çabuk tespit imkanı getiriyormagic eyeı ana fabrika olan mladá boleslavda kullanan skoda ilk etapta tam elektrikli modeli enyaq iv octavia üretim hatlarında sisteme yer verdi bunu diğer üretim hatlarına tesislerine adapte etmeyi planlayan skoda yeni teknolojilerle birlikte fabrikalarında üretim verimliliğini kapasitesini yükseğe çıkarmayı hedefliyor,19.08.2023
silinebilir,19.08.2023
selamlar buradaki yazıya istinaden asm tekni̇k ali usta irtibata geçtim yetkili servis artık pahalı olduğundan ankarada güvenilir vw audi aracımız tecrübeli usta yeri arıyordum aracımın bakım balata değişimi işlemleri vardı telefondan bilgi aldığımda bakım alakalı kullanılacak parçaların marka fiyatlarını verdiler man filtre yaptırmak istedim kaliteli ürün olduğu motor yağı alakalı kafamda soru işareti vardı ali usta castrol motor yağı kullanıyoruz ürünlerimiz faturalı castrolden şifreleme sisteminden yağ bidonun teyitini alabiliriz diyince bakım yaptırmak gittim aracı ilk aldığımız sıfır iken motor arızası olmuştu sıfır araç olduğu servis sıkıntı yaşamıştık oradan hatırladım ali usta ankara yetkili servisin master teknisyeniydi kendisi konuda tecrübeli problem çözmede kendisi iyiydi yetkili servisin müdürleri konuda söylemişlerdi kendisini görünce kendi servisimi buldum dedim ali usta beni hatırladı kendileri servisten ayrılıp dükkan açmışlar çalışanlar ali usta ilgilendi yaptığı işlemleri parça kalitesini anlatıp taktı kendileri yaptıkları işlemlere garanti verdiklerini söyledi sizlerede tavsiye ederim zaten genellikle müşterileri servisten tandıkları oluyor kendilerine söyedim yorum yapıcağımı teşekkür ederim ali usta,12.08.2023
çekiş düşmesi gaz yememe sorunu bir hafta önce arkadaşımın corsa aebaasında oldu sanayideki usta direkt motor yağını boşaltmış karter kapağını söküp motorun yağlanan kısımlarını iyicr temizlemiş sorun giderilmiş motor yağını kadar değiştirseniz motor içinde kalan eski yağ kalıntısı açıp temizlemeden gitmiyor yeni eklenen yağın içine bulaşıyor bir baktırmanızı tavsiye ederim,29.07.2023
teşekkürler karter söküldü temizlendi bir hafta içinde iki yağ değiştirildi arıza devam ediyor,29.07.2023
hocam merhaba öncelikle yaşamış olduğunuz sorun zaman maddiyat ciddi anlamda moral kaybınız üzüldüm bende sizi asla aracınızdan soğutmasın sonuçta yaşı dolayısı illaki bakım isteyecektir yapılacak işlemlerin çoğunu yapmışsınız fakat burada can damarı iki üç noktayı atlamışsınızbenzinli araçlarda enjeksiyon sistemini atlıyorum modelden dolayı sizde yok lpgye sonradan değineceğim bobin buji varsa buji kablosunu takım halinde kesinlikle değiştirmek gerekiyor takım halinde km bandındaşöyle düşünün sizin araçta muhtemelen bobin tek parçadır bunu ilk yıl bakımda sorun olmadan hemen değiştirip kenara yedek bir bobin koymuş olsaydınız bir ihtimali elemiş olurdunuzen kötü ihtimalle yedeğini takar yine denerdiniz sıkıntıyı giderme adınaşimdi olarak eski tip atmosferik mpi olsun başka tip olsun motorlarda sorun çözme adına sistem şöyle işliyor bobin yapısı gereği soğukken motor yük altında olmadığı sürece ölçülse dahi düzgün çalışıyor gözüküyor elektronik olarak bakıldığında dahi böyle yazık taki zaman motorla beraber bobinde ısındığında bujiye düzgün gerilim veremiyor soğukken hiçbir problem vermez ölçtüğünüzde bile sağlıklı gözükür bobin sıkıntısıda özelllikle eski tip motorlarda bahsettiğiniz özellikle torka ihtiyaç duyulduğu sağlıklı ateşleme ihtiyacı olan hafif rampa kalkışlarda sıcakken ilk çalıştırma anlarda gaz yememe gaza bastığınızda çekişin gelmemesi problemleri yaratır durumlar aniden olduğunda nadirende olsa sanayi tabiriyle sıkı olmayan km görmüş motorlarda eksantrikte atlama problemleri yapabilir ateşlemeyi düzgün gerçekleşmiyor tabiki bobinle beraber olsa dahi ben bujilerinde değişmesi taraftarıyım üstünden çıkanları yine kenara koyarım diyeceğim problem noktada olmasa dahi bobin buji yeni almışsınız alın ateşleme sistemini unutun noktada bir eksiğiniz kalmamış olsun sorun düzelmese dahi elinizde sağlam çalıştığına emin olduğunuz yedek bir bobin olmuş olacak tür durumlar eski araçlara biniyoruz sonuçta bobin buji yedek olmalı sanayide zaman nakit kaybımız olarak başta lpg varsa kısmı eleme adına şunu belirteyim araçta lpg olsa dahi süreçte lpg yi kapatmış olduğunuzu düşünüyorum araçta lpg var lpg enjektörlerini regulatörünü motor sıcakken bir kontrol edin bunu sizinle burdan bilgi alışverişiyle nokta atışı problemi buluruz öncelikle aracın benzinde kullanıldığını varsayarak şimdi burada bahsedeceğim noktaların tamamı yakıt sistemi buda tür araçlarda sık karşılaşılan bir durum öncelikle konunuzu okurken çözüm olarak aklıma ateşleme sistemi yakıt sistemi geldi sadece bunu düşünme sebebim aracınızın yılı bahsettiğiniz sıkıntılar araçta zaman zaman çekiş düşüklüğü meydana geliyorsa bunun sebebine mekanik olarak bakmamak lazım kompresyon bir gün bir gün fazla çıkamaz sonuçta değilmi benzin filtrenizi değiştirmenizi kesinlikle öneriyorum değiştirdiyseniz benzin pompasını kontrol ettirmeniz gerekiyor sizdeki araçlara insanlar genellikle lpg binip miktarda benzin bulunduruyor depodabenzin pompasıda deponun içinde benzinle beraber soğuma mantığıyla orda bulunduğu araç lpg iken benzin pompanız soğumakta güçlük çekip bozuluyor zamanlaateşleme sisteminde bahsettiğim yol izlenirse işini seven bir ustaya benzin hortumunu söküp bir bidona sokun araca bir kaç kere kontak açma işlemiyle gelen yakıt basıncına bir baksın ustalar basıncı hemen anlıyor zaten bence sorununuzun çözümü basit uzaktan kolay geliyor atıyorum sonuç bobinden çıksa dahi yapılan işlemlere üzülmeyin sizin artık motor yapacağınız herşey araca fayda getirirçok uzun bir yazı oldu kusura bakmayın şuan araca yapılan işlemlerden dolayı kafa karışıklığı olmuştur illaki yaşadığınız sıkıntıların olabileceklerinden dolayı neyi değişmesi gerektiğini anlatmak istedim size bobin filtre benzin pompasına baktır şeklinde yazmak istemedimbir sorunuz olursa elimden geldiğince yardım ederim,29.07.2023
sorunuma kafa yorup ayrıntılı uzun cevabınız teşekkür ederim canımın sıkıldığını bile hissedip yol göstermeniz moralimi düzeltti yanlız olmadığımı anladım i̇lk fırsatta önerilerinizi gerçekleştirip sonucunu yazacağım samimiyetiniz tekrar teşekkür ederim saygılar,29.07.2023
agm akü amper varta olabilir bir polenyağhava mazot bir triger öyle yok,29.07.2023
teşekkür ederim sağolun,29.07.2023
yok hocam böyle bi sorunla karşılaşmadım,29.07.2023
